{"cameraMode":{"drawMode":0,"name":"Shaded","section":"Shading Mode"},"sceneLighting":true,"audioPlay":false,"sceneViewState":{"m_AlwaysRefresh":false,"showFog":true,"showSkybox":true,"showFlares":true,"showImageEffects":true,"showParticleSystems":true,"showVisualEffectGraphs":true,"m_FxEnabled":true},"in2DMode":false,"pivot":{"x":-0.15191388130187989,"y":3.7161731719970705,"z":-7.78887939453125},"rotation":{"x":-0.029805880039930345,"y":0.8937358856201172,"z":-0.4437059164047241,"w":-0.060173485428094867},"size":16.16870880126953,"orthographic":false}